song_id,entry_date,exit_date,peak_position,days_on_playlist,peak_date,is_explicit,album_type,entry_to_peak_days,lifetime_days
0 confianza_rvfv,2025-06-02,2025-06-23,23,20,2025-06-07,False,album,5,22
"1 de enero, puntacana_rels b",2025-04-28,2025-04-28,45,1,2025-04-28,False,album,0,1
1000cosas_lola indigo & manuel turizo,2025-03-10,2025-11-13,3,245,2025-03-10,False,single,0,249
100xciento_foreign teck & eladio carrion & de la ghetto,2025-04-30,2025-05-15,13,11,2025-05-11,True,single,11,16
14 febreros_quevedo,2025-11-24,2025-11-27,9,4,2025-11-24,True,album,0,4
2am_sebastian yatra & bad gyal,2025-11-24,2025-11-27,31,4,2025-11-27,False,single,3,4
2xll_jc reyes & yovngchimi & slayter,2025-07-12,2025-08-09,35,26,2025-07-23,False,single,11,29
3 caídas_saiko,2025-04-28,2025-05-05,13,8,2025-04-28,False,album,0,8
4 prez_cruz cafuné,2024-05-28,2024-05-29,35,2,2024-05-28,True,album,0,2
4to 23_aitana,2025-07-07,2025-07-16,17,9,2025-07-07,False,single,0,10
50 palos_feid,2024-12-02,2024-12-02,38,1,2024-12-02,True,album,0,1
57_karol g & feid & dfzm,2025-11-10,2025-11-27,8,18,2025-11-10,True,single,0,18
58_jhayco,2025-09-08,2025-09-18,35,8,2025-09-08,False,album,0,11
69_nicky jam & feid,2024-05-21,2024-06-30,22,41,2024-05-31,True,single,10,41
a 300_jc reyes & pedro calderon,2024-08-06,2025-01-05,15,148,2025-01-05,False,single,152,153
a 300_jc reyes & pedro calderon & blacknife,2025-01-06,2025-04-24,11,106,2025-01-14,False,single,8,109
a new star (2 0 2 4)_rels b,2025-05-09,2025-05-30,32,16,2025-05-16,True,album,7,22
acho pr_bad bunny,2024-10-14,2024-10-20,15,7,2024-10-14,True,album,0,7
acróstico_shakira,2024-05-18,2024-07-09,1,53,2024-05-19,False,single,1,53
adivino_myke towers,2025-08-24,2025-11-16,10,85,2025-08-24,True,album,0,85
adivino_myke towers & bad bunny,2025-04-28,2025-08-23,1,116,2025-04-28,True,single,0,118
akureyri_aitana & sebastian yatra,2025-04-28,2025-06-01,10,34,2025-04-28,False,single,0,35
alakran_feid,2024-12-02,2024-12-05,24,3,2024-12-02,False,album,0,4
alegría_tiago pzk,2025-09-28,2025-10-05,8,8,2025-10-02,False,album,4,8
all i want for christmas is you_mariah carey,2024-12-03,2025-01-02,1,20,2024-12-25,False,album,22,31
alucin_eugenio esquivel & grupo marca registrada & sebastian esquivel,2025-01-13,2025-04-05,21,35,2025-03-22,True,single,68,83
amanece_anuel aa & haze,2024-05-25,2025-07-06,47,15,2024-06-23,False,single,29,408
amaneció_quevedo,2025-11-24,2025-11-27,13,4,2025-11-24,False,album,0,4
amar de nuevo_rauw alejandro,2025-11-17,2025-11-17,45,1,2025-11-17,True,album,0,1
amargura_karol g,2024-05-26,2025-10-31,16,153,2025-07-26,True,album,426,524
andando_morad,2024-05-18,2024-06-03,34,17,2024-05-19,True,album,1,17
antes_rvfv & edu garcía,2024-05-18,2024-07-22,29,58,2024-05-18,False,single,0,66
antidepresivos_saiko,2024-08-06,2024-12-19,13,136,2024-08-06,False,single,0,136
apaga el cel_floyymenor,2025-08-10,2025-09-04,22,14,2025-08-10,True,album,0,26
apaga el cel_floyymenor & lewis somes,2025-05-26,2025-08-09,7,75,2025-06-12,True,single,17,76
apt._rosé & bruno mars,2025-10-23,2025-11-01,42,7,2025-10-30,False,single,7,10
aqyne_aitana,2024-09-27,2024-09-29,40,3,2024-09-28,False,album,1,3
arena y sal_omar montes & saiko & tunvao,2024-05-21,2025-01-20,3,242,2024-08-06,False,single,77,245
arranca (feat. omega)_becky g & omega,2024-05-18,2024-07-25,38,69,2024-05-18,False,single,0,69
asi es la vida_enrique iglesias & maria becerra,2024-11-22,2025-03-23,38,66,2025-01-31,False,single,70,122
attitude (feat. charlie wilson & cash cobain)_don toliver,2025-06-21,2025-06-21,46,1,2025-06-21,True,album,0,1
aunque llegue otro (feat. jay wheeler)_myke towers,2025-08-24,2025-08-24,23,1,2025-08-24,True,album,0,1
ayer y hoy_mora,2024-08-30,2024-08-31,23,2,2024-08-30,True,album,0,2
ayer_dellafuente,2025-06-16,2025-06-18,37,2,2025-06-16,False,album,0,3
baby hello_rauw alejandro,2024-07-09,2025-04-19,3,281,2024-07-09,True,album,0,285
baby hello_rauw alejandro & bizarrap,2024-06-25,2024-07-08,2,14,2024-06-28,True,single,3,14
baby nueva_bad bunny,2024-10-14,2024-10-28,12,15,2024-10-14,True,album,0,15
bad boy_chris jedi & gaby music & dei v,2025-02-11,2025-03-10,16,27,2025-02-11,True,single,0,28
badgyal_saiko,2025-04-28,2025-11-23,1,208,2025-05-01,True,album,3,210
bailando bachata_chayanne,2025-05-13,2025-06-02,45,9,2025-06-01,False,album,19,21
baja pa' acá_rauw alejandro,2025-11-17,2025-11-20,22,4,2025-11-17,True,album,0,4
bandidona_saiko,2024-10-29,2024-11-10,20,13,2024-10-29,False,single,0,13
bandit_don toliver,2025-06-21,2025-06-21,27,1,2025-06-21,True,album,0,1
barro_duki,2025-10-20,2025-10-20,40,1,2025-10-20,False,single,0,1
baticano_bad bunny,2024-10-14,2024-10-18,23,5,2024-10-14,True,album,0,5
bby boo - remix_izaak & jhayco & anuel aa,2025-03-30,2025-07-23,5,115,2025-04-18,True,single,19,116
beautiful things_benson boone,2025-03-13,2025-06-23,17,91,2025-04-04,False,single,22,103
bendecido_eladio carrion,2025-01-21,2025-01-26,7,6,2025-01-21,True,album,0,6
"besame (feat. tiago pzk, khea & neo pistea) - remix_bhavi & seven kayne & milo j",2025-04-24,2025-05-06,28,11,2025-04-26,True,single,2,13
besitos bb 2.0_el perla & omar montes & saiko,2025-10-16,2025-10-31,9,11,2025-10-16,True,single,0,16
beso prohibido_beny jr,2025-09-07,2025-09-07,49,1,2025-09-07,False,album,0,1
beso_rosalía & rauw alejandro,2024-05-18,2024-10-06,4,142,2024-05-18,False,single,0,142
besos (with kidd keo & neelo)_swaggglock & kidd keo & neelo,2024-09-14,2024-10-13,22,30,2024-09-19,True,single,5,30
birds of a feather_billie eilish,2025-06-12,2025-06-13,49,2,2025-06-12,False,album,0,2
boreal_saiko,2025-04-28,2025-05-01,22,4,2025-04-28,False,album,0,4
brindis_duki,2025-11-03,2025-11-07,30,3,2025-11-03,True,album,0,5
bubalu_feid,2024-09-30,2024-10-06,26,7,2024-09-30,False,album,0,7
bubalu_feid & rema,2024-09-24,2024-09-29,21,6,2024-09-25,False,single,1,6
buenas noches_quevedo,2025-11-24,2025-11-27,18,4,2025-11-24,False,album,0,4
buenas_quevedo & saiko,2024-09-24,2025-03-12,1,169,2024-09-24,False,single,0,170
buscando money_twenty six & tayson kryss,2025-02-02,2025-04-17,4,72,2025-02-15,False,single,13,75
buscarte lejos_duki,2025-11-03,2025-11-09,28,7,2025-11-06,False,album,3,7
caché_myke towers,2025-08-24,2025-08-24,47,1,2025-08-24,True,album,0,1
cafe malibú_sech & mora & saiko,2024-07-23,2024-09-19,9,59,2024-07-25,True,single,2,59
call me maybe_duki,2024-12-10,2024-12-10,50,1,2024-12-10,False,single,0,1
cangrinaje_cruz cafuné,2024-05-28,2024-05-28,48,1,2024-05-28,True,album,0,1
capri sun_b10 & kilvertz,2025-07-31,2025-08-14,34,14,2025-08-05,False,single,5,15
carita triste_ana mena & emilia,2025-09-01,2025-11-23,9,84,2025-09-07,False,single,6,84
cartera & tacos_myke towers,2024-11-25,2024-11-25,47,1,2024-11-25,True,album,0,1
casanova_soolking & lola indigo & rvfv,2024-12-10,2025-05-29,1,167,2025-01-01,False,single,22,171
caserio_yandel & saiko,2025-03-10,2025-03-10,41,1,2025-03-10,True,single,0,1
caída del cielo <3_rels b,2025-04-28,2025-05-01,38,2,2025-04-28,True,album,0,4
celine (with kidd keo)_ghost killer track & kidd keo,2025-10-03,2025-11-27,9,55,2025-10-18,False,single,15,56
cha cha cha_käärijä,2024-05-18,2024-05-20,37,3,2024-05-18,False,single,0,3
chapiadora.com_quevedo,2025-11-24,2025-11-27,8,4,2025-11-24,False,album,0,4
chihiro_billie eilish,2025-05-19,2025-05-25,39,7,2025-05-19,False,album,0,7
chorrito pa las animas_feid,2024-05-18,2024-06-14,32,28,2024-05-18,True,single,0,28
chula_jc reyes,2024-12-28,2025-01-20,49,8,2025-01-17,False,single,20,24
chulo pt.2_bad gyal & tokischa & young miko,2024-06-24,2024-10-13,22,87,2024-06-28,True,single,4,112
cine 🚬_duki,2025-11-03,2025-11-03,42,1,2025-11-03,True,album,0,1
classy 101_feid,2024-12-02,2025-01-17,16,28,2024-12-02,True,album,0,47
classy 101_feid & young miko,2024-05-18,2024-12-01,7,183,2024-05-18,True,single,0,198
clavaito_chanel & abraham mateo,2024-05-18,2025-01-04,6,153,2024-06-02,False,single,15,232
coco chanel_eladio carrion,2024-05-18,2024-09-29,16,127,2024-05-24,True,album,6,135
coco loco_maluma,2024-07-01,2024-11-26,9,113,2024-08-06,False,single,36,149
cohete_shakira,2025-03-24,2025-03-30,21,6,2025-03-24,False,album,0,7
colmillo_tainy,2024-10-19,2024-11-14,18,9,2024-11-10,True,album,22,27
columbia_quevedo,2024-07-08,2025-11-02,1,462,2024-07-09,False,single,1,483
cometa halley_saiko,2025-04-28,2025-05-05,24,8,2025-04-28,True,album,0,8
committed_rauw alejandro,2025-11-17,2025-11-17,29,1,2025-11-17,True,album,0,1
como camarón_estopa,2024-11-29,2025-02-21,32,35,2025-01-03,False,album,35,85
como suenan las estrellas_saiko,2025-04-28,2025-05-19,24,22,2025-04-30,False,album,2,22
competencia_myke towers,2025-08-24,2025-08-25,19,2,2025-08-24,True,album,0,2
comuna 3_jc reyes & the rude boyz,2025-05-16,2025-05-17,38,2,2025-05-17,False,single,1,2
comuna 3_jc reyes & the rudeboyz,2025-05-18,2025-09-17,12,120,2025-06-05,False,single,18,123
conexión_cano,2025-10-27,2025-11-14,27,14,2025-10-27,False,album,0,19
conexión_cano & jc reyes,2025-10-25,2025-10-26,40,2,2025-10-26,False,single,1,2
constelación_duki,2025-11-03,2025-11-10,26,8,2025-11-03,False,album,0,8
constelación_duki & lia kali,2025-11-01,2025-11-02,29,2,2025-11-01,False,single,0,2
contigo (with tiësto)_karol g & tiësto,2025-02-17,2025-03-24,13,34,2025-02-18,False,single,1,36
copa vacía_shakira & manuel turizo,2024-07-02,2024-07-28,16,27,2024-07-02,False,single,0,27
corazón roto - remix_brray & jhayco & ryan castro,2024-08-10,2024-09-13,26,33,2024-09-09,True,single,30,35
corazón roto pt. 3_brray & anuel aa & chencho corleone,2024-09-13,2025-02-04,21,104,2024-09-27,True,single,14,145
corazón vacío_maria becerra,2024-07-05,2024-10-13,19,101,2024-07-19,False,single,14,101
corleone_saiko,2024-12-24,2025-01-15,21,20,2024-12-24,False,album,0,23
corleone_saiko & yandel,2024-12-17,2024-12-23,16,7,2024-12-21,False,single,4,7
cosa nuestra_rauw alejandro,2025-11-17,2025-11-18,16,2,2025-11-17,True,album,0,2
cosas pendientes_maluma,2025-11-24,2025-11-27,37,2,2025-11-27,False,single,3,4
cosas que no te dije_saiko,2024-08-16,2025-04-27,7,252,2024-12-12,False,single,118,255
cosmeticos_myke towers,2024-11-25,2024-11-29,33,2,2024-11-25,True,album,0,5
cruel summer_taylor swift,2025-06-01,2025-06-01,39,1,2025-06-01,False,album,0,1
crush_sky rompiendo & dei v,2025-04-07,2025-08-23,15,137,2025-04-27,False,single,20,139
cuando te vi | crossover #5_big one & maria becerra & trueno,2025-07-05,2025-10-28,11,114,2025-08-14,True,single,40,116
cupido_engel montaz & kuv507 & latinnites music,2025-04-18,2025-06-05,22,15,2025-04-23,False,single,5,49
cupido_tini,2024-05-18,2024-09-12,17,105,2024-05-19,False,album,1,118
cybertruck_bad bunny,2024-10-14,2024-10-21,8,8,2024-10-14,True,album,0,8
cómo te atreves_morat,2025-03-02,2025-03-02,45,1,2025-03-02,False,album,0,1
córcega_mora,2024-08-30,2024-09-02,17,4,2024-08-30,True,album,0,4
cúrame_rauw alejandro,2025-08-01,2025-08-16,41,15,2025-08-10,True,album,9,16
dararí_aitana,2024-09-24,2024-09-29,13,6,2024-09-24,False,album,0,6
de plastilina_lola indigo & pepe y vizio,2024-10-21,2024-10-22,40,2,2024-10-21,False,single,0,2
degenere 👑 (feat. benny blanco)_myke towers,2025-10-20,2025-11-27,1,39,2025-10-25,True,album,5,39
demo #5: nostalgia - spanglish version_flowgpt,2024-11-08,2024-11-09,12,2,2024-11-09,True,single,1,2
deportivo_blessd & anuel aa,2025-11-16,2025-11-23,35,4,2025-11-23,True,single,7,8
desataaa_ovy on the drums & myke towers & saiko,2025-03-17,2025-07-09,6,113,2025-03-21,True,single,4,115
despechá_rosalía,2024-05-22,2025-01-02,39,51,2024-06-12,False,album,21,226
después de la 1_cris mj & floyymenor,2025-09-19,2025-11-23,11,63,2025-09-27,True,single,8,66
desquite_feid,2024-12-02,2024-12-02,39,1,2024-12-02,False,album,0,1
detrás del dj_rels b,2025-04-28,2025-04-28,39,1,2025-04-28,True,album,0,1
diabla_los diozes,2025-10-27,2025-11-20,17,25,2025-11-03,True,album,7,25
diablita (feat. yovngchimi)_myke towers,2025-08-24,2025-09-04,34,9,2025-08-24,True,album,0,12
diabólica_cris mj,2025-03-13,2025-08-19,14,156,2025-03-23,True,album,10,160
diamonds_mora,2024-08-30,2024-09-02,18,4,2024-08-30,True,album,0,4
dicelo_lianet rivero & lia & gatillo,2024-10-20,2024-10-23,24,4,2024-10-21,False,single,1,4
die with a smile_lady gaga & bruno mars,2025-08-31,2025-11-23,29,48,2025-11-15,False,single,76,85
diluvio_rauw alejandro,2024-10-21,2025-10-14,3,187,2024-11-16,True,album,26,359
dinero y fama (feat. omar montes)_myke towers,2025-08-24,2025-08-24,40,1,2025-08-24,True,album,0,1
dios #1_cruz cafuné,2024-05-28,2024-05-28,43,1,2024-05-28,True,album,0,1
do it 4 th€ gram_cruz cafuné,2025-07-21,2025-07-21,34,1,2025-07-21,True,single,0,1
doblexxó_j balvin,2025-08-10,2025-08-23,33,12,2025-08-10,True,album,0,14
don't lie_duki,2024-06-25,2024-06-29,44,5,2024-06-28,False,album,3,5
donde se aprende a querer?_mora,2024-08-30,2025-02-17,3,152,2024-08-30,False,album,0,172
dubai_trueno & beny jr,2024-06-15,2024-06-22,47,8,2024-06-17,False,single,2,8
duro de verdad pt.2_los sufridos,2025-09-20,2025-09-20,39,1,2025-09-20,False,single,0,1
duro de verdad pt.2_los sufridos & bad gyal,2025-09-21,2025-11-27,1,68,2025-09-27,False,single,6,68
duro_quevedo,2025-11-02,2025-11-27,1,26,2025-11-02,False,single,0,26
déjame entrar_rauw alejandro,2025-07-25,2025-11-23,17,9,2025-11-17,True,single,115,122
el chacal_mora,2024-08-30,2024-09-02,10,4,2024-08-30,True,album,0,4
el cielo_sky rompiendo & feid & myke towers,2024-06-04,2025-03-09,2,270,2024-06-10,True,single,6,279
el condenao_lola indigo,2024-12-17,2025-01-04,35,12,2024-12-22,False,album,5,19
el conjuntito_el bobe & omar montes,2025-03-24,2025-09-23,1,180,2025-04-09,False,single,16,184
el destello_juanjo bona & martin urrutia,2025-10-06,2025-10-06,36,1,2025-10-06,False,single,0,1
el estribillo_quevedo,2025-11-24,2025-11-27,16,4,2025-11-24,False,album,0,4
el fin del mundo_la la love you,2025-06-03,2025-11-23,37,98,2025-08-25,False,album,83,174
el jefe_shakira & fuerza regida,2024-09-24,2024-10-03,31,10,2024-09-27,True,single,3,10
el malo_eladio carrion,2025-01-21,2025-02-17,20,27,2025-01-25,False,album,4,28
el mambo_kiko rivera,2024-10-04,2025-02-28,2,144,2024-10-13,False,single,9,148
el merengue_marshmello,2024-11-04,2025-11-18,19,317,2024-11-05,False,album,1,380
el merengue_marshmello & manuel turizo,2024-05-18,2024-11-03,5,170,2024-05-18,False,single,0,170
el pantalon - rumbas_omar montes,2025-06-02,2025-09-12,2,101,2025-06-16,False,album,14,103
el patio_pepe y vizio & delaossa & kiddo,2025-02-22,2025-08-27,8,151,2025-03-07,False,single,13,187
el tonto_lola indigo,2024-05-18,2025-01-10,2,205,2024-05-18,False,album,0,238
ella baila sola_eslabon armado,2024-05-18,2024-08-09,9,84,2024-06-03,False,album,16,84
empelotica_lenny tavárez & feid,2025-02-25,2025-04-06,16,35,2025-03-03,True,single,6,41
emrata_myke towers,2024-11-25,2024-11-25,46,1,2024-11-25,True,album,0,1
en to lao_haze & jhayco,2024-06-15,2024-07-01,45,11,2024-07-01,True,single,16,17
enamórate_nicki nicole & bad gyal,2024-11-16,2024-12-01,31,15,2024-11-18,False,single,2,16
eroticaaaaaaa_gonzy,2025-10-13,2025-10-31,38,15,2025-10-25,True,album,12,19
es un secreto_plan b,2025-06-22,2025-07-04,37,13,2025-06-30,False,album,8,13
escriurem_chiara oliver & martin urrutia,2025-01-25,2025-01-25,47,1,2025-01-25,False,single,0,1
eskeleto_saiko,2025-04-28,2025-10-23,11,113,2025-05-02,True,album,4,179
espectacular_sky rompiendo & rauw alejandro,2025-04-25,2025-04-27,49,2,2025-04-25,False,single,0,3
espresso martini_rauw alejandro,2025-11-17,2025-11-21,21,5,2025-11-17,True,album,0,5
espresso_sabrina carpenter,2025-06-09,2025-07-03,39,24,2025-06-28,True,single,19,25
europapa_joost,2025-05-14,2025-05-18,33,5,2025-05-15,False,single,1,5
eva longoria_ozuna,2024-08-12,2024-11-24,8,90,2024-08-29,False,album,17,105
extasisssssss_saiko,2024-12-20,2025-01-31,18,43,2024-12-22,False,single,2,43
falsos recuerdos_abraham mateo & omar montes,2025-02-01,2025-02-25,32,24,2025-02-08,False,single,7,25
fantasías_mora,2024-08-30,2024-09-04,9,6,2024-08-30,True,album,0,6
fardos_jc reyes & de la ghetto,2025-02-18,2025-07-30,1,159,2025-02-22,False,single,4,163
fecha - intro extended_renzo pianciola,2025-04-19,2025-04-20,46,2,2025-04-20,False,single,1,2
fecha_feid & yandel,2025-04-14,2025-04-18,39,5,2025-04-17,True,single,3,5
feliz navidad_josé feliciano,2024-12-25,2024-12-27,5,3,2024-12-25,False,album,0,3
feliz navidad_saiko,2024-12-19,2024-12-20,36,2,2024-12-19,False,single,0,2
ferxxo 151_feid,2024-09-30,2024-11-06,17,20,2024-09-30,False,album,0,38
ferxxo 151_feid & icon,2024-08-26,2024-09-29,9,35,2024-08-26,False,single,0,35
ferxxo 30_feid,2024-10-07,2024-10-13,32,2,2024-10-07,False,album,0,7
ferxxo edition_feid,2024-09-30,2024-10-01,43,2,2024-09-30,False,album,0,2
figo_dellafuente & morad,2024-12-02,2024-12-02,44,1,2024-12-02,False,single,0,1
fina_bad bunny,2024-10-14,2024-11-18,4,36,2024-10-14,True,album,0,36
finales de agosto_saiko,2025-04-28,2025-04-29,40,2,2025-04-28,False,album,0,2
flow violento - remix_yosoyplex & ruven,2024-05-30,2024-06-20,46,8,2024-06-06,True,single,7,22
flowers_miley cyrus,2024-05-18,2024-06-06,44,18,2024-05-19,False,album,1,20
"flowhot (feat. arcángel, de la ghetto, randy)_the academy: segunda misión & sech & dalex",2025-03-31,2025-03-31,32,1,2025-03-31,True,album,0,1
fortnight (feat. post malone)_taylor swift,2025-04-21,2025-04-30,24,9,2025-04-24,False,album,3,10
fosforito_dellafuente,2025-06-16,2025-06-16,46,1,2025-06-16,False,album,0,1
friki_gonzy,2025-05-10,2025-11-26,8,198,2025-06-26,True,single,47,201
fruto_bizarrap & milo j,2024-10-07,2024-11-11,12,36,2024-10-12,False,single,5,36
frío_myke towers,2025-08-24,2025-08-24,36,1,2025-08-24,True,album,0,1
"fé, cojones y paciencia_eladio carrion",2025-01-21,2025-01-21,38,1,2025-01-21,True,album,0,1
g-wa_zheus,2025-11-21,2025-11-27,39,5,2025-11-23,True,single,2,7
gangster (pqfnedg)_ovy on the drums & quevedo & yandel,2024-10-21,2024-11-01,15,12,2024-10-21,True,single,0,12
gangsters y pistolas_feid,2024-09-30,2024-10-01,25,2,2024-09-30,False,album,0,2
gata only (mashup)_dj agus lima,2025-05-09,2025-05-10,5,2,2025-05-09,False,album,0,2
gata only_floyymenor,2025-08-10,2025-10-14,15,55,2025-08-10,True,album,0,66
gata only_floyymenor & cris mj,2025-02-24,2025-08-09,2,161,2025-04-06,True,single,41,167
gatita gangster_karol g,2024-09-13,2024-11-24,30,63,2024-10-12,True,album,29,73
gatitas sandungueras vol.1_alvaro diaz,2025-05-19,2025-07-03,12,46,2025-06-12,False,album,24,46
gitana (feat. bryartz)_pablo chill-e,2025-05-03,2025-06-17,15,45,2025-05-17,True,album,14,46
goteras_omar montes & jc reyes,2025-06-30,2025-11-23,1,145,2025-07-08,False,single,8,147
gracias por nada_bad bunny,2024-10-14,2024-10-20,11,7,2024-10-14,True,album,0,7
gran día_mau y ricky & guaynaa,2025-05-16,2025-06-01,17,13,2025-05-31,False,single,15,17
gran vía_quevedo,2025-11-24,2025-11-27,1,4,2025-11-24,False,album,0,4
guay_ozuna & bad gyal,2025-04-21,2025-07-20,7,90,2025-04-27,False,single,6,91
hablame claro_yandel,2025-10-13,2025-10-13,47,1,2025-10-13,True,album,0,1
hablame claro_yandel & feid,2025-09-16,2025-10-12,5,27,2025-09-25,True,single,9,27
hala madrid ...y nada más_real madrid,2025-06-03,2025-06-03,43,1,2025-06-03,False,single,0,1
halo_quevedo,2025-11-24,2025-11-27,7,4,2025-11-24,False,album,0,4
hardaway_duki,2025-11-03,2025-11-03,35,1,2025-11-03,True,album,0,1
hasta olvidarte_mau y ricky,2025-06-03,2025-06-08,23,6,2025-06-04,False,album,1,6
hay lupita_lomiiel,2025-07-12,2025-10-29,2,103,2025-08-04,False,single,23,110
hay lupita_megan koffe,2025-06-28,2025-07-10,30,13,2025-07-08,True,single,10,13
haz lo que quieras conmigo_walls,2025-09-22,2025-10-19,33,20,2025-09-22,False,single,0,28
headshot_anuel aa,2025-09-22,2025-09-22,29,1,2025-09-22,True,single,0,1
heavy is the crown_linkin park,2025-09-27,2025-09-27,49,1,2025-09-27,False,single,0,1
heavyweight_eladio carrion,2025-05-04,2025-05-04,49,1,2025-05-04,True,single,0,1
hermosa casualidad_sen senra & aitana,2025-06-02,2025-06-09,39,6,2025-06-06,False,single,4,8
hey bb_saiko,2025-04-28,2025-05-02,26,5,2025-04-28,False,album,0,5
hey lil mama_eladio carrion,2025-01-21,2025-04-13,8,77,2025-01-25,False,album,4,83
hey mor_ozuna,2024-05-18,2024-09-12,30,97,2024-05-18,False,album,0,118
hibiki_bad bunny,2024-10-14,2024-12-01,2,49,2024-10-14,True,album,0,49
historias por contar_operación triunfo 2023,2025-02-22,2025-02-24,28,3,2025-02-22,False,single,0,3
holanda_jhayco,2024-08-04,2025-03-12,3,218,2024-08-16,True,single,12,221
holly jolly christmas_michael bublé,2024-12-25,2024-12-27,24,3,2024-12-25,False,album,0,3
houdini_dua lipa,2024-11-11,2024-11-17,23,7,2024-11-11,False,single,0,7
hoy_valentino merlo & the la planta,2025-09-29,2025-10-04,13,6,2025-10-02,False,single,3,6
i can do it with a broken heart_taylor swift,2025-04-23,2025-04-23,50,1,2025-04-23,True,album,0,1
i like the way you kiss me_artemas,2025-04-04,2025-05-02,19,21,2025-04-18,False,single,14,29
ia_clarent,2025-10-20,2025-11-12,1,24,2025-11-09,True,single,20,24
ia_clarent & mora,2025-11-13,2025-11-27,1,15,2025-11-13,True,single,0,15
iguales_quevedo,2025-11-24,2025-11-27,3,4,2025-11-24,False,album,0,4
il capo_rauw alejandro,2025-11-17,2025-11-17,38,1,2025-11-17,True,album,0,1
imagínate_danny ocean & kapo,2025-11-15,2025-11-27,15,13,2025-11-23,True,single,8,13
imperio_duki,2025-11-03,2025-11-23,15,19,2025-11-09,True,album,6,21
it's beginning to look a lot like christmas_michael bublé,2024-12-25,2024-12-27,16,3,2024-12-25,False,album,0,3
it's the most wonderful time of the year_andy williams,2024-12-25,2024-12-27,12,3,2024-12-25,False,album,0,3
"japoni (feat. camin, moncho chavea, jthyago & samueliyo baby)_oscar el ruso & samuel g & omar montes",2025-01-18,2025-06-17,26,71,2025-02-25,False,single,38,151
jingle bell rock_bobby helms,2024-12-25,2024-12-27,10,3,2024-12-25,False,single,0,3
k-pop_travis scott & bad bunny & the weeknd,2024-07-23,2024-08-05,21,14,2024-07-23,True,single,0,14
kassandra_quevedo,2025-11-24,2025-11-27,2,4,2025-11-24,False,album,0,4
khé?_rauw alejandro,2025-11-17,2025-11-27,8,11,2025-11-23,False,album,6,11
ktm_jhayco & bryant myers & luar la l,2025-03-24,2025-03-28,16,4,2025-03-24,True,single,0,5
la 125_quevedo,2025-11-24,2025-11-27,10,4,2025-11-24,False,album,0,4
la baby_brytiago,2024-11-03,2024-12-02,3,16,2024-11-30,True,single,27,30
la baby_tainy,2024-07-02,2024-07-12,25,11,2024-07-02,False,album,0,11
la bachata_manuel turizo,2024-05-18,2025-11-19,11,537,2025-01-01,False,album,228,551
la bebe - remix_yng lvcas & peso pluma,2024-05-18,2024-08-29,10,104,2024-06-01,True,single,14,104
la canción feliz del disco_eladio carrion,2025-01-21,2025-01-24,13,4,2025-01-21,True,album,0,4
la capi_myke towers,2024-12-14,2025-09-25,13,232,2025-01-22,True,album,39,286
la falda_myke towers,2024-11-25,2025-11-23,1,358,2025-02-18,True,album,85,364
la fiesta_pedro capó,2024-05-18,2024-06-27,30,17,2024-05-20,False,album,2,41
la gata bajo la lluvia_naiara,2025-01-25,2025-01-25,46,1,2025-01-25,False,single,0,1
la inocente_mora,2024-05-30,2024-08-11,45,31,2024-06-21,True,album,22,74
la jumpa_arcángel,2024-05-18,2024-06-23,36,37,2024-05-29,True,album,11,37
la marina sta morena_figa flawas,2025-08-07,2025-10-15,19,69,2025-09-04,False,single,28,70
la nena_lyanno & rauw alejandro,2025-04-21,2025-05-25,25,27,2025-04-27,True,single,6,35
la noia_angelina mango,2025-05-14,2025-05-14,47,1,2025-05-14,False,single,0,1
la ranger (feat. myke towers)_the academy: segunda misión & justin quiles & lenny tavárez,2025-03-31,2025-07-16,3,107,2025-04-11,True,album,11,108
la raíz d€l mal_cruz cafuné,2025-07-21,2025-07-26,42,4,2025-07-21,True,single,0,6
la reina_lola indigo,2025-06-16,2025-11-26,4,162,2025-06-20,False,single,4,164
la rijana_saiko,2025-04-28,2025-04-29,41,2,2025-04-28,False,album,0,2
la rizos [dime si le comento a la pura]_las 2k & chardo chardemio & melody records international,2025-08-25,2025-11-06,22,69,2025-09-15,False,single,21,74
la roja baila - himno oficial de la selección española_sergio ramos & niña pastori & redone,2025-07-15,2025-07-16,9,2,2025-07-15,False,single,0,2
la sevillana - sevillanas_omar montes,2025-05-05,2025-07-03,8,60,2025-05-05,False,single,0,60
la sevillana_omar montes,2025-04-14,2025-05-04,3,21,2025-04-20,False,single,6,21
la torre picasso_arde bogotá,2025-09-15,2025-09-15,46,1,2025-09-15,False,single,0,1
la vida sin ti_rels b,2025-04-28,2025-06-29,8,63,2025-05-02,False,album,4,63
la vida sin ti_rels b & lia kali,2025-04-25,2025-04-27,15,3,2025-04-25,False,single,0,3
la vuelta_feid,2024-12-02,2024-12-02,48,1,2024-12-02,False,album,0,1
la última_quevedo,2025-02-03,2025-03-23,1,47,2025-02-03,False,single,0,49
la_original.mp3_emilia,2024-11-04,2025-06-03,10,201,2025-03-08,False,album,124,212
lady madrizzz_céro,2024-11-03,2025-03-02,8,117,2024-11-16,False,single,13,120
laguna_mora,2024-08-30,2024-09-02,11,4,2024-08-30,True,album,0,4
lala_myke towers,2024-06-29,2025-09-24,1,309,2024-07-05,True,album,6,453
las babys_aitana,2024-06-09,2024-08-29,4,82,2024-06-11,False,single,2,82
las bratz (remix)_aissa & jc reyes & saiko,2024-05-18,2024-05-27,44,10,2024-05-20,True,single,2,10
last christmas - single version_wham!,2024-12-23,2024-12-27,4,5,2024-12-25,False,album,2,5
latte (feat. maria becerra)_the academy: segunda misión & sech & dalex,2025-03-31,2025-03-31,43,1,2025-03-31,True,album,0,1
let it snow! let it snow! let it snow! (with the b. swanson quartet)_frank sinatra,2024-12-25,2024-12-25,33,1,2024-12-25,False,album,0,1
let it snow! let it snow! let it snow!_dean martin,2024-12-25,2024-12-27,15,3,2024-12-25,False,album,0,3
like i can (feat. aitana)_sam smith & aitana,2025-08-10,2025-08-10,42,1,2025-08-10,False,single,0,1
lo que no ves de mí_juanjo bona,2025-04-18,2025-04-18,38,1,2025-04-18,False,single,0,1
lo que tiene_morad & beny jr & rvfv,2025-03-10,2025-11-23,5,254,2025-03-13,False,single,3,259
lokita_mora,2024-08-30,2024-09-02,13,4,2024-08-30,True,album,0,4
lollipop_darell,2024-10-02,2025-01-17,1,105,2024-10-21,True,album,19,108
los del espacio_lit killah,2024-06-04,2025-02-16,2,257,2024-06-09,False,single,5,258
los días contados_quevedo,2025-11-24,2025-11-27,4,4,2025-11-24,False,album,0,4
los pits_bad bunny,2024-10-14,2024-10-20,20,7,2024-10-14,True,album,0,7
los ángeles_aitana,2024-05-18,2024-08-05,20,80,2024-05-18,False,single,0,80
luces de tecno_feid,2024-09-30,2025-02-03,7,124,2024-09-30,False,album,0,127
luchas mentales_eladio carrion,2025-01-21,2025-01-21,43,1,2025-01-21,False,album,0,1
luna llena_beny jr,2025-07-31,2025-11-27,4,119,2025-10-14,False,album,75,120
luna_feid,2024-12-02,2025-11-27,2,356,2025-01-11,False,album,40,361
luna_saiko,2025-04-28,2025-05-09,9,12,2025-04-28,False,album,0,12
lunch_billie eilish,2025-05-19,2025-05-30,20,12,2025-05-25,False,album,6,12
m.a.i_milo j,2025-01-17,2025-04-30,4,99,2025-01-31,False,album,14,104
ma meilleure ennemie (from the series arcane league of legends)_stromae & pomme & arcane,2025-11-27,2025-11-27,38,1,2025-11-27,False,single,0,1
madrid city_ana mena,2024-09-30,2025-04-15,13,180,2025-01-03,False,single,95,198
mal de amores_natos y waor & israel b,2025-02-11,2025-02-17,29,4,2025-02-15,False,single,4,7
mala suerte_lola indigo & dellafuente,2024-09-03,2024-09-09,32,7,2024-09-06,False,single,3,7
malicia_dellafuente,2025-06-16,2025-06-21,29,6,2025-06-16,False,album,0,6
mama's boy_eladio carrion,2025-01-21,2025-01-21,34,1,2025-01-21,False,album,0,1
mamasota_manuel turizo & yandel,2025-03-15,2025-03-15,50,1,2025-03-15,False,single,0,1
mami chula_jhayco & quevedo,2024-05-18,2024-09-18,6,118,2024-05-18,False,single,0,124
mamichula - con nicki nicole_trueno,2025-02-18,2025-04-05,7,43,2025-03-04,False,album,14,47
manos rotas_dellafuente & morad,2024-11-18,2025-11-23,1,328,2024-11-29,False,single,11,371
maquillaje - remix_refracted arg,2025-04-21,2025-04-24,32,4,2025-04-21,False,album,0,4
maquillaje - remix_renn & myke towers & nio garcia,2025-07-10,2025-07-14,25,4,2025-07-14,True,single,4,5
maquillaje_renn & yexel,2025-03-21,2025-06-02,18,65,2025-04-08,True,single,18,74
marea_mora,2024-08-30,2024-08-31,24,2,2024-08-30,True,album,0,2
martini_dei v,2025-05-02,2025-11-23,7,150,2025-06-17,True,single,46,206
me has invitado a bailar_dani fernández,2025-09-04,2025-11-27,15,85,2025-10-31,False,single,57,85
media luna_mora,2024-08-30,2024-09-21,5,14,2024-08-30,False,album,0,23
mejor así_myke towers,2025-08-24,2025-08-24,37,1,2025-08-24,True,album,0,1
memorias_mora,2024-05-18,2024-05-27,39,10,2024-05-23,False,album,5,10
mencionar_eladio carrion,2025-01-21,2025-01-21,42,1,2025-01-21,False,album,0,1
mercedes carota_bad bunny,2024-10-14,2024-10-21,17,8,2024-10-14,True,album,0,8
mercho_lil cake & migrantes,2024-05-18,2024-08-29,21,104,2024-05-29,False,single,11,104
mi cuarto_tiago pzk & rels b,2025-10-27,2025-10-27,46,1,2025-10-27,False,single,0,1
mi droga_myke towers,2024-05-18,2024-05-20,46,3,2024-05-18,True,album,0,3
mi ex tenía razón_karol g,2024-08-13,2025-07-31,16,22,2024-08-13,False,album,0,353
mi lova_bad gyal & myke towers,2024-07-09,2024-08-18,14,41,2024-07-09,True,single,0,41
mi luz (ft. rels b)_rvfv,2024-10-23,2025-10-18,32,172,2025-10-11,False,album,353,361
mi nena remix_maikel delacalle & quevedo,2024-05-18,2024-06-10,26,24,2024-05-19,False,single,1,24
miamor_aitana,2024-09-24,2024-09-26,34,3,2024-09-24,False,album,0,3
miamor_aitana & rels b,2024-08-26,2024-09-23,4,29,2024-08-26,False,single,0,29
mientras me curo del cora_karol g,2025-07-24,2025-08-02,37,10,2025-07-28,False,album,4,10
mil mujeres_rauw alejandro,2025-11-17,2025-11-17,36,1,2025-11-17,True,album,0,1
"milo j: bzrp music sessions, vol. 57_bizarrap & milo j",2024-10-07,2025-02-10,1,59,2024-10-07,False,single,0,127
"milo j: bzrp music sessions, vol. 57_paul thin",2025-02-01,2025-02-02,39,2,2025-02-01,False,single,0,2
mirame_blessd & ovy on the drums,2025-07-15,2025-07-30,13,16,2025-07-19,True,single,4,16
mis tías_juanjo bona,2025-07-21,2025-07-23,44,2,2025-07-21,False,single,0,3
modelito_mora,2024-09-09,2025-06-17,4,278,2024-11-12,True,album,64,282
mojabi ghost_tainy,2024-07-02,2024-08-03,6,33,2024-07-02,True,album,0,33
monaco_bad bunny,2024-10-14,2025-01-12,1,78,2024-10-14,True,album,0,91
mr. moondial_quevedo,2025-11-24,2025-11-27,5,4,2025-11-25,False,album,1,4
mr. october_bad bunny,2024-10-14,2024-10-21,7,8,2024-10-14,True,album,0,8
my love_de la ghetto & quevedo,2024-06-04,2024-07-01,36,27,2024-06-15,False,single,11,28
m€ntiras_cruz cafuné,2025-07-21,2025-07-21,43,1,2025-07-21,True,single,0,1
nadie sabe_bad bunny,2024-10-14,2024-10-28,3,15,2024-10-14,True,album,0,15
nana del hilo rojo_saiko,2025-04-28,2025-05-02,16,5,2025-04-28,False,album,0,5
narcotics (with bryant myers)_dei v & bryant myers,2024-10-04,2025-06-11,15,187,2024-12-28,True,single,85,251
"natanael cano: bzrp music sessions, vol. 59_bizarrap & natanael cano",2025-04-06,2025-04-13,32,8,2025-04-07,True,single,1,8
new woman (feat. rosalía)_lisa & rosalía,2025-08-17,2025-08-30,15,14,2025-08-17,False,single,0,14
ni me conozco_rauw alejandro,2025-11-17,2025-11-22,26,6,2025-11-17,True,album,0,6
niña bonita_feid & sean paul,2024-05-18,2024-08-08,13,83,2024-05-19,False,single,1,83
no digas na_feid & yandel,2025-04-17,2025-04-20,48,4,2025-04-18,False,single,1,4
no estuviste en lo malo - remix_morad & beny jr & dellafuente,2024-10-07,2025-01-31,12,112,2024-10-07,False,single,0,117
no estuviste en lo malo_morad,2024-05-18,2024-06-23,46,11,2024-05-31,False,album,13,37
no has cambiado_baby rasta & noriel & hades66,2025-10-13,2025-11-27,11,24,2025-10-15,True,single,2,46
no me quiero casar_bad bunny,2024-10-14,2024-10-19,22,6,2024-10-14,True,album,0,6
no pienso llamar_soge culebra,2024-10-14,2025-03-02,7,139,2024-12-23,False,album,70,140
no pienso llamar_soge culebra & quevedo & garabatto,2024-10-07,2024-10-13,16,7,2024-10-07,False,single,0,7
no soy eterno_bizarrap & milo j,2024-10-07,2024-10-13,27,7,2024-10-10,False,single,3,7
no te quieren conmigo - remix_gaby music & anuel aa & luar la l,2025-04-07,2025-04-27,17,21,2025-04-07,False,single,0,21
no te quieren conmigo_gaby music & lunay & luar la l,2024-12-20,2025-04-10,4,109,2025-01-10,False,single,21,112
no_se_ve.mp3_emilia,2024-11-04,2025-02-09,32,75,2024-11-05,False,album,1,98
no_se_ve.mp3_emilia & ludmilla & zecca,2024-06-08,2024-11-03,13,134,2024-08-25,True,single,78,149
nochentera_vicco,2024-05-18,2025-01-09,9,156,2024-05-27,False,single,9,237
noemú_quevedo,2025-11-24,2025-11-27,15,4,2025-11-24,False,album,0,4
nueva era_duki,2025-11-03,2025-11-27,3,25,2025-11-08,True,album,5,25
número telefónico_saiko,2025-04-28,2025-05-09,14,12,2025-04-28,True,album,0,12
oa_anuel aa & quevedo & maluma,2024-10-16,2025-04-27,3,191,2024-11-11,True,single,26,194
obvio_myke towers,2024-11-25,2024-11-25,25,1,2024-11-25,True,album,0,1
offline_young miko,2025-04-07,2025-06-15,16,69,2025-04-09,False,album,2,70
ohnana_kapo,2025-07-04,2025-11-27,2,145,2025-08-01,False,single,28,147
omega (feat. ralphie choo)_rosalía,2025-09-27,2025-10-10,3,14,2025-09-27,False,single,0,14
orgullosa de papá_cano,2025-11-01,2025-11-23,45,6,2025-11-16,False,album,15,23
otra noche (feat. darell)_myke towers,2025-08-24,2025-11-16,11,85,2025-09-07,True,album,14,85
otra noche_myke towers & darell,2025-08-20,2025-08-23,36,4,2025-08-23,True,single,3,4
otra oportunidad_myke towers,2025-08-24,2025-08-24,25,1,2025-08-24,True,album,0,1
otro round_myke towers,2024-11-25,2024-11-25,50,1,2024-11-25,True,album,0,1
oye bb_omar montes & nicky jam,2024-11-11,2024-11-11,43,1,2024-11-11,False,single,0,1
pa' la vuelta_eladio carrion & morad,2024-08-06,2024-08-06,49,1,2024-08-06,True,single,0,1
pacto (feat. bryant myers & dei v) - remix_jay wheeler & anuel aa & hades66,2024-07-29,2024-10-06,20,66,2024-08-19,True,single,21,70
pacto (feat. luar la l)_jay wheeler,2024-06-01,2024-07-01,38,31,2024-06-22,True,album,21,31
pasajero_mora,2024-08-30,2024-10-13,4,45,2024-08-30,False,album,0,45
pasaporte_rauw alejandro,2025-11-17,2025-11-17,43,1,2025-11-17,False,album,0,1
pasaporte_rauw alejandro & mr. naisgai,2025-09-29,2025-09-29,49,1,2025-09-29,False,single,0,1
pasiempre_tainy,2024-07-02,2024-07-20,21,19,2024-07-05,True,album,3,19
passoa_jhayco,2025-09-08,2025-09-27,27,20,2025-09-08,False,album,0,20
passoa_jhayco & kapo,2025-08-17,2025-09-07,19,20,2025-08-26,False,single,9,22
paz_morad,2024-05-18,2024-05-20,44,3,2024-05-18,False,album,0,3
pedro_jaxomy & agatino romero & raffaella carrà,2025-04-14,2025-05-21,14,35,2025-04-21,False,single,7,38
peligrosa_floyymenor,2025-07-31,2025-11-27,3,119,2025-09-08,True,single,39,120
penas de antaño_bizarrap & milo j,2024-10-09,2024-10-12,44,4,2024-10-10,False,single,1,4
perdió este culo_bad gyal,2025-01-28,2025-02-24,18,28,2025-01-31,True,album,3,28
perreo lento_chris jedi & gaby music & dei v,2025-03-02,2025-03-29,28,26,2025-03-07,True,single,5,28
perro negro_bad bunny,2024-10-14,2025-05-31,2,194,2024-10-17,True,album,3,230
perros&gata$_nicki nicole & saiko,2025-07-04,2025-07-07,45,4,2025-07-04,False,single,0,4
"peso pluma: bzrp music sessions, vol. 55_bizarrap & peso pluma",2024-06-03,2024-07-01,2,29,2024-06-03,True,single,0,29
pide_mora,2024-08-30,2024-09-02,15,4,2024-08-30,True,album,0,4
piribiri_jc reyes & pedro calderon,2024-08-09,2024-09-29,37,41,2024-09-17,False,single,39,52
playa del inglés_quevedo,2024-05-18,2024-12-12,15,159,2024-05-18,False,album,0,209
please please please_sabrina carpenter,2025-06-12,2025-06-20,33,9,2025-06-18,True,single,6,9
polaris - remix_saiko,2025-04-28,2025-05-09,31,12,2025-04-29,True,album,1,12
polaris - remix_saiko & feid & quevedo,2024-06-11,2025-04-20,1,311,2024-06-11,True,single,0,314
polaris_saiko,2024-05-18,2024-06-11,22,25,2024-06-10,True,single,23,25
por atrás_quevedo,2025-11-24,2025-11-27,11,4,2025-11-24,False,album,0,4
potra salvaje - hard remix_isabel aaiún & fernando moreno,2025-05-29,2025-09-24,3,114,2025-06-18,False,single,20,119
potra salvaje_isabel aaiún,2025-07-07,2025-08-28,14,50,2025-07-18,False,album,11,53
privilegios_feid,2024-09-30,2024-10-01,46,2,2024-09-30,False,album,0,2
probemas mentales_jzaeb & eix,2025-03-07,2025-03-07,48,1,2025-03-07,True,single,0,1
problemas mentales_jzaeb & eix,2025-03-20,2025-03-22,22,2,2025-03-22,True,single,2,3
provenza_karol g,2025-07-25,2025-07-30,45,6,2025-07-26,False,album,1,6
"ptazeta: bzrp music sessions, vol. 45_paul thin & ruslana",2025-01-18,2025-01-19,42,2,2025-01-18,False,single,0,2
punto g_quevedo,2024-05-18,2025-01-13,23,162,2024-05-30,False,album,12,241
pólvora_mora,2024-08-30,2024-09-09,8,11,2024-08-30,True,album,0,11
q u e v a s h a c e r h o y ?_omar courtz,2025-09-25,2025-11-27,1,64,2025-10-02,False,album,7,64
qlona_karol g,2024-08-19,2025-10-19,8,341,2024-09-14,True,album,26,427
que asco de todo_quevedo,2025-11-24,2025-11-27,19,4,2025-11-24,False,album,0,4
que me lleve el aire_luis cortés,2025-10-10,2025-10-17,42,8,2025-10-13,False,single,3,8
que te vaya bien_rvfv,2024-05-18,2024-06-07,26,21,2024-05-18,False,single,0,21
quevedo #49 after hour the mixtape_dj saot st,2024-06-04,2024-06-04,48,1,2024-06-04,False,album,0,1
"quevedo: bzrp music sessions, vol. 52_bizarrap & quevedo",2024-05-18,2025-01-03,27,133,2024-05-29,False,single,11,231
quickie_dei v,2025-11-19,2025-11-25,31,7,2025-11-23,True,single,4,7
quien es dei v?_dei v,2024-09-24,2025-04-09,10,195,2024-10-04,True,single,10,198
quizás si quizás no_alvaro diaz & quevedo,2024-11-25,2024-12-23,13,29,2024-11-25,False,single,0,29
quién es dei v?_dei v,2025-06-16,2025-06-16,50,1,2025-06-16,True,album,0,1
qué pasaría..._rauw alejandro,2025-11-17,2025-11-27,1,11,2025-11-17,True,album,0,11
qué pecao_manuel turizo,2025-11-24,2025-11-27,34,4,2025-11-24,False,album,0,4
qué pecao_manuel turizo & kapo,2025-10-06,2025-11-23,13,49,2025-10-13,False,single,7,49
rang€ rov€r_cruz cafuné,2025-07-21,2025-07-21,47,1,2025-07-21,True,single,0,1
rapapa_jc reyes,2025-10-20,2025-11-26,8,38,2025-11-01,False,single,12,38
rapeadita love_rels b,2025-04-28,2025-04-28,44,1,2025-04-28,True,album,0,1
rapido (with cris mj)_dei v,2025-06-16,2025-11-27,5,162,2025-08-22,True,album,67,165
rara vez_taiu & milo j,2024-05-18,2024-12-13,15,147,2024-05-20,False,single,2,210
"rauw alejandro: bzrp music sessions, vol. 56_bizarrap & rauw alejandro",2024-06-24,2024-10-13,1,111,2024-06-24,True,single,0,112
razones_ozuna & anuel aa & mambo kingz,2025-06-30,2025-07-05,16,6,2025-06-30,False,single,0,6
real gangsta love_trueno,2025-06-06,2025-11-16,1,154,2025-06-12,True,album,6,164
reina_mora,2024-08-30,2025-04-17,1,228,2024-08-30,True,album,0,231
remember me_duki,2024-07-19,2024-07-22,43,4,2024-07-19,False,album,0,4
remix exclusivo_feid,2024-05-18,2024-06-04,43,17,2024-05-20,True,single,2,18
revolú_rauw alejandro,2025-11-17,2025-11-23,10,7,2025-11-17,True,album,0,7
"ride or die, pt. 2 (with villano antillano & tokischa)_sevdaliza & villano antillano & tokischa",2025-04-26,2025-05-12,26,5,2025-04-27,True,single,1,17
ritmo de medallo_feid,2024-09-30,2024-10-01,37,2,2024-09-30,False,album,0,2
ritual_myke towers,2024-11-25,2024-11-25,48,1,2024-11-25,True,album,0,1
rko_eladio carrion,2025-01-21,2025-01-24,20,4,2025-01-21,True,album,0,4
rockin' around the christmas tree_brenda lee,2024-12-24,2024-12-27,7,4,2024-12-25,False,album,1,4
rockstar 2.0_duki,2024-06-25,2024-07-02,16,8,2024-06-25,True,album,0,8
rockstar 2.0_duki & jhayco,2024-06-24,2024-06-24,14,1,2024-06-24,True,single,0,1
romero santo_dellafuente,2025-06-16,2025-06-21,31,5,2025-06-16,False,album,0,6
rompeolas_martin urrutia,2025-04-12,2025-04-18,39,2,2025-04-18,False,single,6,7
rosas_la oreja de van gogh,2025-10-17,2025-10-26,30,10,2025-10-19,False,album,2,10
rueda_rvfv,2025-06-02,2025-08-14,21,70,2025-06-19,False,album,17,74
rápido_mora,2024-05-18,2024-05-24,41,7,2024-05-18,True,single,0,7
s91_karol g,2024-07-16,2024-09-04,21,49,2024-08-13,False,single,28,51
sangre y fe_cruz cafuné,2024-05-28,2024-06-16,6,20,2024-05-28,True,album,0,20
santa tell me_ariana grande,2024-12-25,2024-12-27,17,3,2024-12-25,False,single,0,3
santa_rvssian,2025-05-22,2025-11-27,2,188,2025-05-22,False,single,0,190
santa_rvssian & rauw alejandro & ayra starr,2025-04-16,2025-05-21,1,36,2025-04-21,False,single,5,36
se fue_rauw alejandro,2025-11-17,2025-11-27,5,11,2025-11-17,False,album,0,11
se grita_morad,2024-07-21,2024-08-05,46,16,2024-07-25,True,album,4,16
se me olvida_maisak & feid,2025-08-24,2025-11-16,11,79,2025-09-01,True,single,8,85
se pone las nike_cano,2025-11-06,2025-11-27,6,22,2025-11-14,False,album,8,22
se te nota (feat. peso pluma)_myke towers,2025-08-24,2025-08-25,27,2,2025-08-24,True,album,0,2
seda_bad bunny,2024-10-14,2025-02-13,6,119,2024-10-14,True,album,0,123
sexesexy_mushkaa,2025-03-31,2025-04-13,40,6,2025-03-31,False,album,0,14
sexo desenfrenado_myke towers,2025-08-24,2025-08-24,45,1,2025-08-24,True,album,0,1
seya_gims,2024-10-21,2025-02-27,21,109,2024-12-20,False,album,60,130
"shakira: bzrp music sessions, vol. 53_bizarrap & shakira",2024-05-18,2024-07-18,30,61,2024-05-23,False,single,5,62
shars 2023_al safir,2024-11-30,2024-12-01,21,2,2024-11-30,False,single,0,2
shibatto_quevedo,2025-11-24,2025-11-27,3,4,2025-11-26,False,album,2,4
si antes te hubiera conocido_karol g,2025-06-22,2025-11-27,1,157,2025-07-02,False,single,10,159
si la calle llama - remix_eladio carrion,2024-05-18,2024-08-29,20,104,2024-05-19,True,album,1,104
si no es contigo_cris mj,2025-06-18,2025-09-20,31,92,2025-08-09,True,single,52,95
si no estás_iñigo quintero,2024-09-20,2025-04-03,1,186,2024-09-29,False,single,9,196
si sabe ferxxo_blessd,2025-01-28,2025-02-28,27,31,2025-02-01,True,album,4,32
"si si si si (feat. eladio carrion, bryant myers, dei v)_the academy: segunda misión",2025-03-31,2025-03-31,16,1,2025-03-31,True,album,0,1
"si si si si (feat. eladio carrion, bryant myers, dei v)_the academy: segunda misión & justin quiles & lenny tavárez",2025-04-01,2025-06-08,16,58,2025-04-12,True,album,11,69
si te pegas_rauw alejandro,2024-07-09,2024-07-12,30,4,2024-07-09,True,album,0,4
sigo enamorau'_eladio carrion,2025-01-21,2025-01-21,17,1,2025-01-21,True,album,0,1
sin gato (miau!)_rels b,2024-05-28,2024-06-03,45,3,2024-05-28,False,single,0,7
sleigh ride_the ronettes,2024-12-25,2024-12-27,28,3,2024-12-25,False,album,0,3
snowman_sia,2024-12-25,2024-12-27,27,3,2024-12-25,False,album,0,3
sofi - remix_samueliyo baby & kevin roldan,2024-12-12,2024-12-14,22,3,2024-12-12,False,single,0,3
solita y sueltaaa_rels b,2024-07-23,2024-07-25,49,3,2024-07-25,False,album,2,3
soltera_shakira,2025-09-28,2025-11-27,5,61,2025-10-14,False,single,16,61
sonrisa_eladio carrion,2025-01-21,2025-01-21,16,1,2025-01-21,True,album,0,1
sorry 4 that much_feid,2025-06-09,2025-07-17,9,38,2025-06-17,True,single,8,39
spanish teteo_rvfv & rels b & omar montes,2024-09-10,2024-09-11,50,2,2024-09-10,True,single,0,2
sport+ rmx_clarent & myke towers,2025-08-15,2025-08-23,47,9,2025-08-17,True,single,2,9
star_jc reyes,2025-10-20,2025-11-27,7,37,2025-11-15,False,single,26,39
suano_ntg & amenazzy,2025-05-16,2025-08-09,6,80,2025-06-02,True,single,17,86
supernova_saiko,2024-05-18,2025-05-03,1,207,2024-05-18,False,single,0,351
t'as peur_aya nakamura,2024-05-18,2024-05-21,45,4,2024-05-18,False,album,0,4
tacos gucci_anuel aa,2025-02-18,2025-03-05,19,12,2025-02-22,True,single,4,16
también_myke towers,2025-08-24,2025-11-27,5,88,2025-10-06,True,album,43,96
tanta droga_eladio carrion,2025-01-21,2025-01-21,27,1,2025-01-21,True,album,0,1
taste_sabrina carpenter,2025-08-29,2025-09-03,47,6,2025-08-31,False,album,2,6
tattoo_loreen,2024-05-18,2024-06-02,21,16,2024-05-18,False,single,0,16
te fallé_quevedo,2025-11-24,2025-11-27,17,4,2025-11-24,False,album,0,4
te menti_ozuna & saiko & ovy on the drums,2024-09-19,2024-09-29,38,11,2024-09-20,False,single,1,11
telefono nuevo_bad bunny,2024-10-14,2024-10-28,9,15,2024-10-14,True,album,0,15
tengo un plan_key-key,2025-04-04,2025-06-11,11,69,2025-04-14,False,single,10,69
thalía - remix_cyril kamer & rvfv & polimá westcoast,2025-07-18,2025-08-23,25,34,2025-08-04,False,single,17,37
thalía_cyril kamer,2025-03-15,2025-06-04,9,81,2025-04-09,False,single,25,82
the code_nemo,2025-05-14,2025-05-18,24,5,2025-05-14,False,single,0,5
the emptiness machine_linkin park,2025-09-11,2025-10-02,30,17,2025-09-13,True,single,2,22
thunder y lightning_bad bunny,2024-10-14,2024-11-17,14,35,2024-10-14,True,album,0,35
timeless (with playboi carti)_the weeknd & playboi carti,2025-09-29,2025-09-29,50,1,2025-09-29,True,single,0,1
todo contigo_álvaro de luna,2024-05-18,2024-09-23,12,129,2024-05-18,False,single,0,129
todo lit_eladio carrion,2025-01-21,2025-01-21,23,1,2025-01-21,True,album,0,1
toy en el mic_bizarrap & milo j,2024-10-07,2024-10-13,24,7,2024-10-10,True,single,3,7
tqg_karol g,2024-05-18,2025-08-08,9,120,2024-05-18,True,album,0,448
tqmqa_eladio carrion,2024-12-17,2025-01-26,15,32,2025-01-21,False,single,35,41
tranquila baby_eladio carrion,2025-01-21,2025-01-21,32,1,2025-01-21,True,album,0,1
trato de estar bien_duki,2025-11-03,2025-11-09,37,5,2025-11-03,False,album,0,7
trending remix (with myke towers)_dei v,2025-03-03,2025-07-20,10,137,2025-03-10,True,single,7,140
tu ritmo_eladio carrion,2025-01-21,2025-01-21,21,1,2025-01-21,True,album,0,1
tu silueta_diegote,2025-07-14,2025-10-28,5,106,2025-07-31,False,single,17,107
tu$$i (with dei v)_yovngchimi,2025-03-02,2025-08-16,11,159,2025-03-19,True,album,17,168
tuya_rosalía,2024-06-11,2024-07-18,6,38,2024-06-11,True,single,0,38
tú con él_rauw alejandro,2025-11-17,2025-11-23,12,7,2025-11-17,False,album,0,7
un deseo_mora,2024-08-30,2024-08-31,20,2,2024-08-30,True,album,0,2
un desperdicio_rels b,2025-04-28,2025-05-15,29,16,2025-05-08,False,album,10,18
un preview_bad bunny,2024-09-27,2024-11-02,1,37,2024-09-27,False,single,0,37
un rodeoooo_rels b,2024-07-23,2024-09-23,36,57,2024-08-10,False,album,18,63
un x100to_grupo frontera & bad bunny,2024-05-18,2024-06-14,31,27,2024-05-21,False,single,3,28
una bachata_lola indigo,2025-02-04,2025-04-27,8,76,2025-02-04,False,album,0,83
una foto remix (feat. emilia)_mesita & nicki nicole & tiago pzk,2025-01-11,2025-06-15,6,153,2025-02-01,False,single,21,156
una velita_bad bunny,2025-09-22,2025-09-27,7,6,2025-09-22,True,single,0,6
underneath the tree_kelly clarkson,2024-12-25,2024-12-27,22,3,2024-12-25,False,album,0,3
uwaie_kapo,2025-08-20,2025-11-27,2,100,2025-08-29,False,single,9,100
vacile_yan block,2025-08-15,2025-11-27,16,105,2025-10-17,True,single,63,105
vagabundo_sebastian yatra,2024-09-24,2024-09-26,14,3,2024-09-24,False,album,0,3
vagabundo_sebastian yatra & manuel turizo & beéle,2024-05-18,2025-10-16,3,384,2024-06-04,False,single,17,517
vampire_olivia rodrigo,2024-07-02,2024-07-02,48,1,2024-07-02,True,single,0,1
vente conmigo_feid,2024-08-06,2024-08-12,22,7,2024-08-06,False,single,0,7
vida de rock_duki,2025-11-03,2025-11-10,34,8,2025-11-07,True,album,4,8
vista al mar_quevedo,2024-05-21,2024-07-29,43,33,2024-05-30,False,album,9,70
volver_tainy,2024-07-02,2024-07-02,49,1,2024-07-02,True,album,0,1
vou 787_bad bunny,2024-10-14,2024-10-18,13,5,2024-10-14,True,album,0,5
vuelve candy b_bad bunny,2024-10-14,2024-10-18,19,5,2024-10-14,True,album,0,5
"vvs switch (feat. hades66, luar la l & cdobleta) - remix_pressure 9x19 & anuel aa & yovngchimi",2025-03-17,2025-03-30,13,13,2025-03-17,True,single,0,14
wanda_quevedo,2024-05-18,2024-12-07,18,145,2024-05-18,False,album,0,204
we can't be friends (wait for your love)_ariana grande,2025-03-11,2025-03-20,31,8,2025-03-13,False,album,2,10
where she goes_bad bunny,2024-05-21,2024-10-28,1,154,2024-05-21,True,single,0,161
whisky_samuel g & oscar el ruso & aissa,2025-07-17,2025-07-31,30,15,2025-07-21,False,single,4,15
wya remix red_j abdiel & de la rose & yan block,2025-06-19,2025-11-16,22,140,2025-07-12,True,single,23,151
x'clusivo - remix_gonzy,2025-10-13,2025-11-23,21,42,2025-10-13,True,album,0,42
x'clusivo - remix_gonzy & saiko & arcángel,2025-03-03,2025-10-12,1,220,2025-03-03,True,single,0,224
x'clusivo_gonzy,2025-01-31,2025-03-09,3,37,2025-03-02,True,single,30,38
xxx_rosario_xxx_saiko,2024-12-24,2025-01-05,23,13,2024-12-24,True,album,0,13
ya es navidad popurrí: ya es navidad- zúmbale a la pandereta - ya vienen los reyes magos - arre borriquito - ya es navidad_raya real,2024-12-25,2024-12-25,34,1,2024-12-25,False,album,0,1
yandel 150_yandel,2024-05-18,2024-09-23,10,125,2024-05-18,True,album,0,129
yankee 150_yandel & feid & daddy yankee,2024-06-18,2024-06-18,46,1,2024-06-18,True,single,0,1
"yes, and?_ariana grande",2025-01-14,2025-01-20,30,7,2025-01-18,True,single,4,7
yo lo soñé_saiko,2025-04-28,2025-08-16,1,109,2025-04-30,False,album,2,111
yo lo soñé_saiko & omar montes,2025-04-19,2025-04-27,2,9,2025-04-25,False,single,6,9
yo sé_yan block & torrres,2025-11-01,2025-11-27,8,26,2025-11-22,True,single,21,27
yo tengo un novio_lola indigo,2024-12-17,2024-12-24,18,8,2024-12-21,False,album,4,8
yotuloko_omar montes & rels b,2025-07-14,2025-11-05,22,114,2025-07-27,False,single,13,115
"young miko: bzrp music sessions, vol. 58_bizarrap & young miko",2025-01-13,2025-04-26,1,100,2025-01-13,False,single,0,104
zorra_nebulossa,2025-02-05,2025-05-18,8,21,2025-02-05,True,single,0,103
